blink_number,timestamp,duration_ms
1,2026-10-04T20:53:40.240,96
2,2026-10-04T20:53:41.279,299
3,2026-10-04T20:53:41.999,241
4,2026-10-04T20:53:42.831,292
5,2026-10-04T20:53:43.663,290
6,2026-10-04T20:53:44.573,304
7,2026-10-04T20:53:45.472,303
8,2026-10-04T20:53:46.430,305
9,2026-10-04T20:53:47.441,351
10,2026-10-04T20:53:49.007,240
11,2026-10-04T20:53:49.953,291
12,2026-10-04T20:53:50.761,290
13,2026-10-04T20:53:51.693,352
14,2026-10-04T20:53:52.492,375
15,2026-10-04T20:53:53.374,364
16,2026-10-04T20:53:54.397,366
17,2026-10-04T20:53:55.798,329
18,2026-10-04T20:53:56.782,415
19,2026-10-04T20:53:57.653,353
20,2026-10-04T20:53:58.724,388
21,2026-10-04T20:53:59.844,358
22,2026-10-04T20:54:01.393,115
1,2026-10-04T20:55:14.014,479
2,2026-10-04T20:55:15.215,481
3,2026-10-04T20:55:16.363,668
4,2026-10-04T20:55:17.854,960
5,2026-10-04T20:55:19.332,936
6,2026-10-04T20:55:20.855,960
7,2026-10-04T20:55:22.163,964
8,2026-10-04T20:55:23.358,803
9,2026-10-04T20:55:24.760,984
10,2026-10-04T20:55:29.344,655
11,2026-10-04T20:55:30.606,772
12,2026-10-04T20:55:32.050,961
13,2026-10-04T20:55:33.274,875
14,2026-10-04T20:55:34.670,768
15,2026-10-04T20:55:36.180,837
16,2026-10-04T20:55:38.524,687
17,2026-10-04T20:55:44.926,959
18,2026-10-04T20:55:46.591,945
19,2026-10-04T20:55:48.273,834
20,2026-10-04T20:55:49.406,527
21,2026-10-04T20:55:51.429,907
1,2026-10-04T21:50:18.575,152
2,2026-10-04T21:50:19.383,175
3,2026-10-04T21:50:22.552,190
4,2026-10-04T21:50:23.655,478
5,2026-10-04T21:50:25.178,819
6,2026-10-04T21:50:27.544,896
7,2026-10-04T21:50:29.736,990
8,2026-10-04T21:50:31.224,401
9,2026-10-04T21:50:32.424,304
10,2026-10-04T21:50:33.871,647
11,2026-10-04T21:50:34.920,97
12,2026-10-04T21:50:44.381,286
13,2026-10-04T21:50:45.370,399
14,2026-10-04T21:50:47.656,193
15,2026-10-04T21:50:48.953,590
16,2026-10-04T21:50:50.700,756
17,2026-10-04T21:50:52.841,800
18,2026-10-04T21:50:55.033,690
19,2026-10-04T21:50:59.032,799
20,2026-10-04T21:51:01.120,289
21,2026-10-04T21:51:01.911,299
22,2026-10-04T21:51:02.504,285
23,2026-10-04T21:51:03.400,688
24,2026-10-04T21:51:04.504,801
25,2026-10-04T21:51:05.495,687
26,2026-10-04T21:51:06.391,592
27,2026-10-04T21:51:06.913,210
28,2026-10-04T21:51:07.992,799
1,2026-10-07T13:11:59.991,422
2,2026-10-07T13:12:02.266,702
3,2026-10-07T13:12:04.657,241
4,2026-10-07T13:12:06.873,711
1,2026-10-07T13:24:19.595,560
2,2026-10-07T13:24:21.769,495
3,2026-10-07T13:24:23.520,456
4,2026-10-07T13:24:24.153,95
5,2026-10-07T13:24:25.545,546
6,2026-10-07T13:24:28.441,470
7,2026-10-07T13:24:30.160,518
8,2026-10-07T13:24:31.457,328
9,2026-10-07T13:24:33.130,399
10,2026-10-07T13:24:34.922,897
11,2026-10-07T13:24:36.025,208
12,2026-10-07T13:24:36.715,95
1,2026-10-07T13:25:45.743,171
2,2026-10-07T13:25:50.109,501
3,2026-10-07T13:25:52.894,592
4,2026-10-07T13:25:54.585,593
5,2026-10-07T13:26:01.862,95
6,2026-10-07T13:26:03.654,190
7,2026-10-07T13:26:04.953,381
8,2026-10-07T13:26:05.848,164
9,2026-10-07T13:26:13.430,209
1,2026-10-07T13:27:37.456,370
2,2026-10-07T13:27:38.664,357
3,2026-10-07T13:27:39.647,398
4,2026-10-07T13:27:40.664,480
5,2026-10-07T13:27:55.822,318
1,2026-10-07T14:37:11.963,545
2,2026-10-07T14:37:17.315,393
3,2026-10-07T14:37:19.176,254
4,2026-10-07T14:37:22.805,361
5,2026-10-07T14:37:23.513,416
6,2026-10-07T14:37:24.307,415
7,2026-10-07T14:37:25.066,368
8,2026-10-07T14:37:46.509,331
9,2026-10-07T14:37:47.179,301
10,2026-10-07T14:37:47.853,205
11,2026-10-07T14:37:48.554,240
12,2026-10-07T14:37:49.324,222
13,2026-10-07T14:37:50.344,265
14,2026-10-07T14:37:51.068,238
15,2026-10-07T14:38:05.082,960
16,2026-10-07T14:38:06.592,526
17,2026-10-07T14:38:08.210,375
18,2026-10-07T14:38:09.451,176
19,2026-10-07T14:38:10.523,406
20,2026-10-07T14:38:11.811,475
21,2026-10-07T14:38:14.064,714
22,2026-10-07T14:38:15.174,126
23,2026-10-07T14:38:17.826,129
24,2026-10-07T14:39:05.962,303
25,2026-10-07T14:39:06.762,496
26,2026-10-07T14:39:07.460,384
27,2026-10-07T14:39:08.346,563
1,2026-10-07T14:43:24.730,121
2,2026-10-07T14:43:25.610,782
3,2026-10-07T14:43:30.785,663
4,2026-10-07T14:43:32.385,895
5,2026-10-07T14:43:34.977,990
6,2026-10-07T14:43:36.188,677
7,2026-10-07T14:43:37.484,762
8,2026-10-07T14:43:38.772,704
9,2026-10-07T14:43:46.760,327
10,2026-10-07T14:43:47.842,703
11,2026-10-07T14:43:50.038,113
12,2026-10-07T14:43:52.650,202
13,2026-10-07T14:43:54.707,291
14,2026-10-07T14:44:01.089,491
15,2026-10-07T14:44:03.493,301
16,2026-10-07T14:44:22.451,530
17,2026-10-07T14:44:25.068,332
18,2026-10-07T14:44:30.393,744
19,2026-10-07T14:44:32.515,289
20,2026-10-07T14:44:33.875,401
21,2026-10-07T14:44:35.874,655
22,2026-10-07T14:44:37.795,365
23,2026-10-07T14:44:52.338,527
24,2026-10-07T14:44:53.864,881
25,2026-10-07T14:44:54.911,486
26,2026-10-07T14:45:04.499,594
27,2026-10-07T14:45:05.779,857
28,2026-10-07T14:45:06.605,331
29,2026-10-07T14:45:12.466,463
30,2026-10-07T14:45:13.537,587
31,2026-10-07T14:45:14.208,302
32,2026-10-07T14:45:19.298,720
33,2026-10-07T14:45:21.934,357
34,2026-10-07T14:45:27.138,928
35,2026-10-07T14:45:29.655,305
1,2026-10-07T14:51:34.046,650
2,2026-10-07T14:51:36.148,643
3,2026-10-07T14:51:39.623,844
4,2026-10-07T14:51:40.589,512
5,2026-10-07T14:51:41.770,826
6,2026-10-07T14:51:46.515,302
7,2026-10-07T14:51:48.606,365
8,2026-10-07T14:51:50.098,182
9,2026-10-07T14:51:51.772,87
10,2026-10-07T14:51:54.291,119
11,2026-10-07T14:51:59.651,297
12,2026-10-07T14:52:02.021,298
1,2026-10-07T18:26:02.006,771
2,2026-10-07T18:26:26.884,543
3,2026-10-07T18:26:28.109,670
4,2026-10-07T18:26:29.407,944
1,2026-10-07T18:29:44.280,608
2,2026-10-07T18:29:45.854,923
3,2026-10-07T18:30:06.638,142
4,2026-10-07T18:30:09.299,351
5,2026-10-07T18:30:09.688,261
6,2026-10-07T18:30:10.084,353
7,2026-10-07T18:30:27.451,96
8,2026-10-07T18:30:29.108,113
9,2026-10-07T18:30:35.053,239
10,2026-10-07T18:30:36.123,328
11,2026-10-07T18:30:37.078,353
12,2026-10-07T18:30:38.102,483
1,2026-10-07T18:37:14.029,784
2,2026-10-07T18:37:15.709,997
3,2026-10-07T18:37:30.685,849
4,2026-10-07T18:37:35.648,773
5,2026-10-07T18:37:36.975,721
6,2026-10-07T18:37:38.284,804
7,2026-10-07T18:37:46.879,659
8,2026-10-07T18:37:47.958,539
9,2026-10-07T18:37:49.213,752
10,2026-10-07T18:38:11.774,367
11,2026-10-07T18:38:13.066,852
12,2026-10-07T18:38:13.862,356
13,2026-10-07T18:38:20.206,625
14,2026-10-07T18:38:21.619,839
15,2026-10-07T18:38:25.212,516
16,2026-10-07T18:38:31.641,685
17,2026-10-07T18:38:41.048,747
18,2026-10-07T18:38:42.523,951
19,2026-10-07T18:38:51.563,960
20,2026-10-07T18:39:01.209,845
21,2026-10-07T18:39:10.011,607
22,2026-10-07T18:39:11.332,719
23,2026-10-07T18:39:12.768,847
24,2026-10-07T18:39:28.684,352
25,2026-10-07T18:39:29.886,721
26,2026-10-07T18:39:30.679,418
27,2026-10-07T18:39:39.051,655
28,2026-10-07T18:39:40.557,783
29,2026-10-07T18:39:42.044,825
30,2026-10-07T18:39:51.224,187
31,2026-10-07T18:39:52.485,348
32,2026-10-07T18:39:53.574,441
33,2026-10-07T18:39:54.804,418
34,2026-10-07T18:39:55.885,301
35,2026-10-07T18:39:56.715,175
36,2026-10-07T18:40:03.246,481
37,2026-10-07T18:40:04.421,462
38,2026-10-07T18:40:05.708,659
39,2026-10-07T18:40:11.240,141
40,2026-10-07T18:40:13.135,174
41,2026-10-07T18:40:13.936,84
42,2026-10-07T18:40:14.925,175
43,2026-10-07T18:40:18.556,161
44,2026-10-07T18:40:25.484,192
45,2026-10-07T18:40:26.130,240
46,2026-10-07T18:40:26.864,305
47,2026-10-07T18:40:37.267,214
48,2026-10-07T18:40:38.179,437
49,2026-10-07T18:40:38.910,235
50,2026-10-07T18:40:44.414,311
51,2026-10-07T18:40:45.581,592
52,2026-10-07T18:40:46.302,235
53,2026-10-07T18:40:51.414,763
54,2026-10-07T18:40:52.832,835
55,2026-10-07T18:40:54.338,956
56,2026-10-07T18:40:59.244,432
57,2026-10-07T18:41:00.316,479
58,2026-10-07T18:41:01.498,628
59,2026-10-07T18:41:26.895,305
60,2026-10-07T18:41:28.097,603
61,2026-10-07T18:41:28.801,234
62,2026-10-07T18:41:34.019,415
63,2026-10-07T18:41:35.387,656
64,2026-10-07T18:41:36.590,367
65,2026-10-07T18:41:37.423,291
66,2026-10-07T18:41:45.391,413
67,2026-10-07T18:41:46.607,662
68,2026-10-07T18:41:47.547,407
69,2026-10-07T18:41:53.052,556
70,2026-10-07T18:41:54.440,751
71,2026-10-07T18:42:02.285,609
72,2026-10-07T18:42:03.908,766
73,2026-10-07T18:42:08.996,176
74,2026-10-07T18:42:10.780,86
75,2026-10-07T18:42:38.535,138
76,2026-10-07T18:42:47.437,176
77,2026-10-07T18:42:50.192,417
78,2026-10-07T18:42:51.279,671
79,2026-10-07T18:42:51.931,221
80,2026-10-07T18:42:57.437,537
81,2026-10-07T18:42:58.906,861
82,2026-10-07T18:43:00.494,898
83,2026-10-07T18:43:06.478,392
84,2026-10-07T18:43:07.747,728
85,2026-10-07T18:43:08.578,293
86,2026-10-07T18:43:16.370,833
87,2026-10-07T18:43:17.921,837
88,2026-10-07T18:43:19.505,906
89,2026-10-07T18:43:26.716,344
90,2026-10-07T18:43:27.805,462
91,2026-10-07T18:43:28.910,552
92,2026-10-07T18:43:35.115,317
93,2026-10-07T18:44:20.829,113
94,2026-10-07T18:44:29.659,124
95,2026-10-07T18:44:30.173,172
96,2026-10-07T18:45:05.780,120
97,2026-10-07T18:46:14.192,95
98,2026-10-07T18:46:22.138,100
99,2026-10-07T18:46:33.296,94
100,2026-10-07T18:48:03.870,595
101,2026-10-07T18:48:11.936,95
102,2026-10-07T18:48:17.021,415
103,2026-10-07T18:48:18.284,608
104,2026-10-07T18:48:19.707,708
105,2026-10-07T18:48:25.592,213
106,2026-10-07T18:48:26.956,272
107,2026-10-07T18:48:27.982,540
108,2026-10-07T18:48:35.406,722
109,2026-10-07T18:48:36.753,731
110,2026-10-07T18:48:38.347,783
1,2026-10-07T19:32:29.687,93
2,2026-10-07T19:32:30.205,130
3,2026-10-07T19:32:36.539,176
4,2026-10-07T19:32:37.223,188
5,2026-10-07T19:32:39.401,269
6,2026-10-07T19:32:41.163,242
7,2026-10-07T19:32:46.666,221
8,2026-10-07T19:32:47.802,479
9,2026-10-07T19:32:49.340,313
10,2026-10-07T19:32:49.635,266
11,2026-10-07T19:32:53.759,140
12,2026-10-07T19:32:56.288,446
13,2026-10-07T19:32:58.528,157
14,2026-10-07T19:32:59.547,777
15,2026-10-07T19:33:05.706,239
16,2026-10-07T19:33:07.209,656
17,2026-10-07T19:33:08.817,264
18,2026-10-07T19:33:14.434,756
19,2026-10-07T19:33:14.599,123
20,2026-10-07T19:33:16.458,890
21,2026-10-07T19:33:17.954,298
22,2026-10-07T19:33:48.057,121
23,2026-10-07T19:33:48.976,137
24,2026-10-07T19:33:51.225,128
25,2026-10-07T19:34:03.914,172
26,2026-10-07T19:34:10.393,107
27,2026-10-07T19:34:15.003,109
28,2026-10-07T19:34:35.610,185
29,2026-10-07T19:34:47.901,960
30,2026-10-07T19:34:49.512,796
31,2026-10-07T19:34:50.939,768
32,2026-10-07T19:34:56.202,289
33,2026-10-07T19:34:57.403,634
34,2026-10-07T19:34:58.188,242
35,2026-10-07T19:35:02.793,652
36,2026-10-07T19:35:04.415,1079
37,2026-10-07T19:35:05.977,943
38,2026-10-07T19:35:31.626,191
39,2026-10-07T19:35:32.616,479
40,2026-10-07T19:35:33.372,315
41,2026-10-07T19:35:38.783,187
1,2026-10-07T20:45:34.273,142
2,2026-10-07T20:45:39.663,83
3,2026-10-07T20:45:41.143,106
4,2026-10-07T20:45:41.515,128
5,2026-10-07T20:45:42.399,176
6,2026-10-07T20:45:42.734,96
7,2026-10-07T20:45:50.134,723
8,2026-10-07T20:45:51.169,203
9,2026-10-07T20:45:51.566,297
10,2026-10-07T20:45:51.811,145
11,2026-10-07T20:45:53.447,615
12,2026-10-07T20:45:53.663,122
13,2026-10-07T20:46:52.740,234
14,2026-10-07T20:46:53.674,236
15,2026-10-07T20:46:54.691,214
16,2026-10-07T20:46:57.260,416
17,2026-10-07T20:46:59.358,587
18,2026-10-07T20:47:02.609,117
19,2026-10-07T20:47:02.893,240
20,2026-10-07T20:47:07.044,472
21,2026-10-07T20:47:07.615,355
22,2026-10-07T20:47:10.550,279
23,2026-10-07T20:47:12.431,360
24,2026-10-07T20:47:12.942,465
25,2026-10-07T20:47:20.984,1084
26,2026-10-07T20:47:22.722,410
27,2026-10-07T20:47:25.907,83
28,2026-10-07T20:47:26.156,99
29,2026-10-07T20:47:26.561,112
30,2026-10-07T20:47:28.222,147
31,2026-10-07T20:47:28.840,284
32,2026-10-07T20:47:29.188,304
1,2026-10-08T19:43:43.467,239
2,2026-10-08T19:43:43.653,150
3,2026-10-08T19:43:46.123,201
4,2026-10-08T19:43:46.343,189
5,2026-10-08T19:43:52.330,338
6,2026-10-08T19:43:53.580,686
7,2026-10-08T19:43:54.925,654
8,2026-10-08T19:44:04.930,88
9,2026-10-08T19:44:12.394,185
10,2026-10-08T19:44:13.226,125
