blink_number,timestamp,duration_ms,phase
10,2026-10-09T11:24:53.804,769,calibration
11,2026-10-09T11:24:54.762,416,calibration
12,2026-10-09T11:24:55.789,477,calibration
13,2026-10-09T11:24:56.796,470,calibration
14,2026-10-09T11:24:57.821,452,calibration
15,2026-10-09T11:24:58.844,422,calibration
16,2026-10-09T11:24:59.856,441,calibration
17,2026-10-09T11:25:01.115,417,calibration
18,2026-10-09T11:25:02.314,479,calibration
19,2026-10-09T11:25:03.390,352,calibration
21,2026-10-09T11:25:11.966,515,post_calibration
23,2026-10-09T11:25:16.811,362,post_calibration
24,2026-10-09T11:25:17.758,467,post_calibration
25,2026-10-09T11:25:18.667,479,post_calibration
31,2026-10-09T11:25:35.371,692,post_calibration
33,2026-10-09T11:25:41.179,502,post_calibration
34,2026-10-09T11:25:45.738,543,post_calibration
37,2026-10-09T11:26:00.225,480,post_calibration
40,2026-10-09T11:26:09.418,431,post_calibration
41,2026-10-09T11:26:10.251,416,post_calibration
43,2026-10-09T11:26:15.587,361,post_calibration
44,2026-10-09T11:26:16.540,477,post_calibration
45,2026-10-09T11:26:17.609,656,post_calibration
46,2026-10-09T11:26:28.338,534,post_calibration
48,2026-10-09T11:26:58.290,435,post_calibration
51,2026-10-09T11:27:03.863,693,post_calibration
52,2026-10-09T11:27:04.880,687,post_calibration
54,2026-10-09T11:27:16.566,433,post_calibration
57,2026-10-09T11:27:22.908,544,post_calibration
58,2026-10-09T11:27:23.803,516,post_calibration
59,2026-10-09T11:27:24.593,477,post_calibration
61,2026-10-09T11:27:31.856,628,post_calibration
65,2026-10-09T11:27:38.361,420,post_calibration
